17/04/2021-14:04,hi,b'gAAAAABges7SXD-AFDWPXe_-2xIdeoPr_j6-1I-Rdp8N8XNaf-UlG1QxtBiDFssebyrEt5jBEGGUMyuNUh2m8qdtSkNtC9ydZA=='
17/04/2021-14:05,hi,b'gAAAAABges8aAdaX3J4WU4AFcyyZVjdEq9Q_1v8jT5wtDR8TGNH6-5UeEBW_FE85y23dgCmY80iIbg3crVnaDsOaZSAlRjmL7g=='
17/04/2021-15:47,hi,b'gAAAAABgeubXzKDVv1BxtVpWkjQl3BdMLJeH-6M87mA8UE6NzS0gbLhBtaqoz-1ksF3asRyFjcHJFtvdhfgwuv55GvPXWwSDZw=='
17/04/2021-15:50,hi,b'gAAAAABgeue2GqtA0Qk5kQPduzEloAGpdZbm6hSLXDvoeDlH0UwT16Y0Vpk2wCe2PUWUrsKbCa-pOMBlr9tCxaQr1IDJf5ohuQ=='
17/04/2021-16:13,e,b'gAAAAABgeu0CNucdV0jsMtbTMxvOpuKi_xyDbHM66JSelvx0JyohdE_jOiS4KMqQtAnnaRSo-EypHR4U9eYvpMaEwuY_-Owy9Q=='
17/04/2021-16:13,d,b'gAAAAABgeu0T2osoxKkALilw61TmQTC7KXJRyQqTlummV5UiMo3aRSGiK-GcSoLybYGB3qs-guYmUCoDQw6I3EBhR7wgg6NOoQ=='
17/04/2021-16:14,d,b'gAAAAABgeu0wMIIEWy3EYGVRhUBAwuPV1xgoFc5JntxxuF5YMF18rVs8Zzuk4s5TS_07N5c5_OjGPUFwe06SCh6RVGDyDFnjQw=='
17/04/2021-16:14,d,b'gAAAAABgeu1SYa7swhRwpCDeaBQONTWFBz5c7lzFkHcGmFZaSlQcOJ7WiCoVH-UPntKJkUGXZ0MwCBFJcsaTeYunvgPB1Nj9RA=='
17/04/2021-16:44,hi,b'gAAAAABgevRpd-J0KRmrmfHOacy63Mp5EaW6V_jMj61018q0G4lElFjXcO4I0rZIGpMkyYGhORJQHqqVUhZXnVjOhZx84kl-hQ=='
17/04/2021-16:47,hi,b'gAAAAABgevUZncUDI6mkdDl1Gh8flBYLultH-UNVz9F90qyh1tc4STW5YYeDo1ddDtrjVCAo1SMXvwv9qZNItsoh6fALFZ7y8g=='
17/04/2021-16:49,hello world,b'gAAAAABgevWMgnzJ01G3_pWxGjddV6wlyKhECLGWjLwnC98Wd6Sm6dbO26JIaQ8CgNSX8sWYYgggURYlObEQuxV5s7BJGLXqlg=='
17/04/2021-19:09,enc,b'gAAAAABgexYumykeEaEuKheW-0GMTrQBkfvlMEKZfgyS2ODdGJVKxtx0rytZUdlneAhf7Wo-ur85S5G-mEkaDkCbGYKAiWYJAA==',
17/04/2021-19:09,hihi,b'gAAAAABgexY5PFD5HWMIJwYzDQU9cVypnTOqwp6pHegrFKbsbSjvx6MyLhIydLVYDs12G76UKyA56WYCDJDOdalJjEJnZzU7ig==',
18/04/2021-09:50,new day new try,b'gAAAAABge-TRZ9KgwkPZfIL_aYcn4JMRBTH-BpYsXQmii6BhFvvNrcnKlzdr5U0J3UPv74P1kRznta2iVyInEe0DUmqthX17Wg==',b'qZ3R9AtjXph1_Js8sWIwmnbz9pdqo4UaN_YdfnSyBDc='
