18/04/2021-10:18,test,b'gAAAAABge-s6yi9grDW9j-zflF_vVzHniF7oXdsjN73tBIQGlDKgG5AyBvq_XJgSgpJGxvQc5a8Lp-SRnWA9BMO9k-yNkLS7Uw==',b'bRmb6Aytyv3ttF0Rv-Aa-o38H5RYUS90qva2Gc7ULy0='
18/04/2021-11:13,going,b'gAAAAABge_g5gPP8XtJ4-UhTK4I3YyutMK3pQ4zZzgeZYgWtv95aS07xCIxaGv6QqDRFO3j7s4Eg_Dj7LrNUnc0ZTFWw2r7ezQ==',b'bRmb6Aytyv3ttF0Rv-Aa-o38H5RYUS90qva2Gc7ULy0='
18/04/2021-15:24,dunno,b'gAAAAABgfDMZGbc2Kd_gSnstzp71hppkX5XMKSWB9W8-ho5j1smXMEWEnvZQlUUieX3O5dbvPMQ2_PR5i6fqKoildFggshQb5g==',b'Ej4WXOczwU57mYJnZmMLjCX58wH4tY1sMF_Y2_RusvY='
18/04/2021-17:21,lastest test,b'gAAAAABgfE6VYhFZconPSruREQSYn5rzjUiDan3Mm_KdnMPrwbu3V9nSRxwTSnT1Bn9eEOaYmCqvQmPE-UHbNjSh4VkGTwRJhQ==',b'4X86GC3fdmiZhiwCsfFnnfiDWAsmsENMmsFnw4YsxW8='
18/04/2021-17:50,e,b'gAAAAABgfFUsSvJzVrk4p-p7gosWIyZMkplMULJrqyUsP0ntD06r-R5YCaD12d1rZBtja7JzFR4eP1IVEsrIBevVDWViTrteNg==',b'TjzOeZiSPD3PKO8NK8K9Rtpu9nieVvMiOW0c2cHmJxA='
18/04/2021-17:54,,b'gAAAAABgfFYs_lXU8lcb33QEr5XA7hA7qbAfd7rIjirKEhPy-TJ_cXM_EgXT_kxv5Rlr1NKR48aX7T9PUZTKKcY0x9XPDzt-Kw==',b'KqP6vSPWyge3a0nnpF1NG7gsLzkJSVcIThQY-cn0Rbc='
18/04/2021-18:00,encrypt,b'gAAAAABgfFeSjHdcEirEpHspk6ceClnXdxDCg9vKYfSBey4sy1ceOScwvuiwCwLkwwHBJwLGZlgy5lFjYRNpYMzAUpus9D1o4A==',b'TEal7U5_5bDvc6n4DW7MGyz62zJEUZWe39vKkHRZ3FI='
19/04/2021-16:51,Another test,b'gAAAAABgfZjiR7LPbc1Tb_V6nu0nWJbRN5RBKQ2mNtGVGH9-jcv_6u0Ch0JkdUjuBeLgZMhCj85I6b7WHmRFDRGcqN15RKUj_w==',b'WuJzlgjuM5nj-kdDcSdVQ7tQXlwXNJ-zA5PI-qSS82k='
19/04/2021-17:00,Hope this is final TEST!!,b'gAAAAABgfZsDsJVg6OlXBmg_syjkkv013rAV1kkQ7HWVYhY5N3jlChFYiSX-2oSkBIB3--5_bfKVTuyyopko56o3HJQVT9_IT4OXzN7CPJl1damccNEqffU=',b'q_cNu1LDxxGWKq92TYWN_zxIcfMiJaIZ8jkEWCN_n_Q='
19/04/2021-17:20,Hello Everyone,b'gAAAAABgfZ-saJ3fyKNpeN6bu5ERRk9y9WaZX8gWqFhFwHXZfMpMndczO8zRri7reVBUlSw6lh--zAN-ghOFQo7jvwGQsONFEw==',b'gpO1gCnzoH852mblHJK7Ef38WlgQOoU7sY0xozYipF8='
28/06/2021-11:19,Hello there,b'gAAAAABg2ZQi5WsPl5lKRv3MTr4hhiK1kxIVF1Jkg9hcXTg4E3EBTvCcPpvPTTdCLjvrIqcwUUfucFlUSQp4badp9TpyaJ2avQ==',b'2iC5J3hBGbmb7saE6Qov9LevI5MgpfQCylOdho19ZvY='
